zip,commissions_total,commissions_active
77002,2956,2558
77449,2302,1976
77433,2154,1895
77084,2005,1733
77494,2002,1755
75126,1985,1725
78130,1877,1636
77429,1846,1592
78660,1775,1519
77584,1744,1478
77379,1729,1507
76063,1708,1486
77573,1654,1450
76028,1643,1436
75052,1573,1350
77346,1567,1334
77459,1562,1344
77493,1558,1383
75071,1549,1377
78641,1534,1361
78701,1515,1335
75201,1481,1290
77375,1476,1290
79936,1474,1281
77469,1474,1290
75115,1429,1225
76227,1417,1217
77373,1395,1217
77095,1387,1221
76179,1386,1208
77056,1373,1176
75165,1335,1158
77024,1334,1168
78613,1307,1119
79424,1304,1154
75034,1287,1109
78640,1283,1123
75098,1279,1116
78245,1275,1103
75070,1267,1087
78746,1256,1094
77479,1243,1082
75056,1227,1060
77057,1225,1054
77386,1218,1055
79705,1217,1049
77070,1216,1040
77450,1211,1041
75068,1205,1035
77027,1196,1022
75154,1194,1018
75035,1192,1038
77407,1185,1056
78216,1182,1025
76244,1180,986
76102,1177,1042
77406,1175,992
77583,1169,1036
78504,1169,1041
77007,1149,988
75189,1138,1011
75087,1136,1009
75006,1132,973
77044,1131,974
77521,1131,987
76065,1127,1009
75104,1126,945
77396,1125,946
78254,1117,964
75093,1111,962
78253,1106,955
77845,1105,962
77040,1105,967
75002,1096,975
77581,1093,961
78759,1091,955
78148,1069,946
75024,1066,934
79938,1066,961
79701,1052,929
78665,1050,901
78666,1049,906
79912,1037,891
78209,1036,904
79928,1036,896
76051,1035,902
76107,1028,904
77380,1024,862
77304,1023,891
77042,1021,867
75074,1021,871
78155,1020,894
77354,1017,888
78664,1014,881
77388,1012,874
78501,1012,883
77008,1003,890
75067,990,814
78626,989,864
78610,989,859
77546,979,832
75043,975,845
77077,974,822
77079,963,832
76137,955,832
75703,954,810
77511,947,843
75150,947,822
78249,944,799
77089,941,811
78006,940,836
75013,939,821
77064,934,816
75219,929,815
78634,925,820
78258,919,807
75206,915,783
77471,915,817
77339,911,774
78109,909,782
75007,908,795
78572,907,802
79925,906,782
78539,899,802
77338,896,748
77478,893,784
77301,885,777
78045,885,781
77377,885,795
75234,882,779
76131,878,761
77083,878,757
75149,873,766
78247,869,752
75040,867,761
76502,866,749
79762,863,736
78577,856,763
75243,847,713
78232,846,747
75080,845,734
76210,845,742
78628,839,739
75078,839,734
78520,838,732
77357,838,738
79423,831,720
76116,831,709
77055,826,721
77041,825,721
77365,824,717
75019,824,717
76108,821,722
78230,821,703
77036,820,720
78521,818,725
76542,818,684
75032,814,717
78154,811,710
75028,811,726
78542,811,714
75081,804,718
77536,799,684
79707,796,706
78748,795,684
75033,789,700
76087,787,694
75050,785,678
75407,783,716
79109,782,681
77389,782,697
75217,781,683
75001,780,667
77539,779,662
75204,778,657
77489,772,655
78745,771,654
76017,771,667
78028,769,679
75231,768,672
77571,766,653
78681,764,664
78414,762,662
77065,761,654
77073,756,639
77088,756,648
76036,752,649
76262,751,657
75701,747,653
78108,746,668
76052,745,626
78704,744,633
76226,744,659
75023,741,623
78602,739,648
75225,739,651
75228,739,634
75248,736,643
77092,735,641
78212,732,652
75063,728,624
76513,727,647
78233,723,640
78251,722,616
76123,717,610
76180,715,592
77498,711,626
77477,710,623
78041,708,614
77356,708,617
77532,708,610
76092,707,616
75211,704,607
75069,702,596
76020,701,625
78132,698,609
75077,697,618
76133,695,599
78223,695,603
77009,689,600
75062,689,587
78217,686,605
75287,684,553
75075,679,589
75072,677,564
78550,674,589
78250,673,569
76549,673,553
77090,673,569
77015,670,573
77082,670,565
77515,669,586
77316,669,587
77019,669,602
75254,667,573
75088,666,569
77098,666,589
78526,662,567
77327,658,581
77043,656,568
77351,654,581
76021,652,557
75208,651,558
78653,646,560
77049,646,545
77578,643,582
75044,641,554
77066,636,552
78731,635,545
76248,635,553
77047,630,529
78240,628,543
77355,627,542
75061,626,554
77706,625,546
75025,622,541
77523,620,540
75605,618,553
76016,616,518
77447,615,540
79706,615,536
75181,615,526
78744,614,532
75142,614,547
76086,613,540
75060,612,535
75089,612,541
75227,611,524
77018,611,544
75409,609,543
76013,608,538
77063,604,525
78228,598,523
77080,597,517
76048,596,518
78642,596,538
77072,595,494
75009,593,519
79761,593,517
78758,590,491
76710,590,508
79901,589,520
77901,588,521
76039,586,507
76182,584,504
78046,583,503
76033,583,511
75010,582,491
77545,580,508
77833,579,511
78840,576,504
77535,576,509
75229,575,496
78260,575,504
75160,574,495
78413,569,502
76126,565,497
78852,565,492
77385,565,501
77006,563,486
76002,562,469
76712,561,476
76522,561,475
76001,559,475
76234,558,493
78541,555,495
77075,549,476
76049,549,485
75048,547,482
79924,544,474
76112,543,475
75230,542,468
77505,540,462
76247,539,485
75207,538,460
75119,537,481
75240,537,465
75039,536,466
78201,536,480
75904,535,459
78229,534,460
76177,532,446
76401,532,485
78574,532,475
76011,531,462
76904,531,472
77441,531,484
75146,530,455
77381,528,462
75205,523,465
77802,523,458
78213,521,444
77630,519,454
77384,519,446
78415,519,443
79765,517,458
77074,514,442
78573,513,449
79602,513,457
75216,513,422
77705,512,460
75901,511,444
78401,511,460
77014,510,413
76119,509,427
77520,509,437
76240,508,450
77058,507,422
75244,506,446
75042,506,438
77060,506,431
77004,504,442
77566,504,434
79907,503,429
75038,501,411
78753,501,429
77303,500,449
77087,499,423
77034,498,428
76053,498,431
75702,497,433
76548,497,425
75214,496,440
76082,495,426
76140,495,424
78411,494,441
75041,491,429
78207,489,423
76010,488,425
78221,486,430
75238,486,424
76903,484,425
78023,484,411
76104,482,410
76109,481,414
77340,481,429
78205,480,437
78244,477,411
78596,477,414
78749,474,406
77627,474,412
76008,473,420
75454,472,411
76117,471,401
75232,471,396
77803,471,418
78738,470,414
75604,470,410
75090,470,430
79119,469,413
75051,469,409
75482,468,400
78620,467,401
76018,466,410
77045,466,391
77099,465,396
79118,465,411
75134,462,377
78621,462,411
77568,461,399
75082,459,382
78654,459,397
78734,456,394
76034,456,396
75252,453,406
77598,451,380
77096,450,387
77093,450,387
78218,449,403
77530,448,384
75241,448,398
77904,447,394
79606,447,399
79763,447,396
78624,447,391
77590,446,380
78582,445,389
78703,444,383
77320,444,385
78410,444,382
77502,443,377
78259,443,389
77021,439,375
78717,436,387
79703,435,363
77054,434,378
78589,434,387
79902,434,382
76012,433,369
76208,432,375
75110,432,384
75503,432,378
76040,431,355
79927,430,388
77401,429,370
75601,429,373
77382,429,387
78741,426,367
77662,426,365
77318,426,379
77053,426,361
78261,426,368
78586,425,363
76132,424,357
78552,423,374
77657,422,369
78114,422,381
78750,418,352
75501,417,362
76205,417,372
78754,416,350
79416,416,363
76201,416,357
78735,415,351
75159,415,364
77017,415,364
77701,415,365
76006,413,345
76009,412,367
77005,410,364
78723,409,355
76308,408,358
76266,405,353
77016,405,341
76801,405,350
79903,404,362
76114,404,349
75220,403,344
79720,403,364
79605,402,350
75455,401,341
78747,400,343
79015,399,351
78070,399,337
79106,398,354
77030,398,343
78644,396,346
77071,395,337
78729,394,344
77076,392,326
78412,392,337
78227,392,335
77022,392,337
76148,392,350
75215,391,351
78702,391,338
77069,390,344
75766,390,340
77840,389,334
77302,389,349
75020,389,340
78537,388,342
76706,388,340
78238,388,316
78374,388,344
75137,387,335
78163,387,347
77048,385,331
75092,385,334
76537,385,337
78611,384,339
75022,384,328
77091,383,336
77423,382,340
75662,380,337
77591,380,323
75751,380,335
75212,378,323
75036,377,319
78728,377,316
79407,376,324
77067,375,322
78617,375,322
77081,374,325
78252,374,324
77642,374,326
79932,374,329
77086,373,323
76135,373,317
75771,373,326
78418,372,314
76574,371,333
77378,370,328
77062,368,319
78633,367,320
75167,366,326
75218,366,324
79101,366,309
76111,365,319
76705,365,313
77035,364,322
77023,364,320
75460,363,317
78382,363,322
78239,360,317
76134,360,299
75057,360,321
76301,358,322
75202,357,300
78133,355,316
76015,355,299
75103,355,313
75235,354,298
79601,354,305
79401,353,333
78210,353,297
77038,351,311
77586,350,301
78727,349,298
78043,349,308
78015,348,306
77414,347,297
76110,346,304
78599,345,295
75180,345,302
76014,344,286
77484,344,307
79915,343,286
75169,342,286
77506,342,294
76901,342,298
76058,342,306
77025,341,303
75402,341,288
78801,341,296
77504,341,291
78757,340,301
78040,340,287
78516,339,300
77575,339,305
76701,339,303
78737,339,291
78363,338,292
77632,338,298
78121,338,297
76543,337,284
76054,335,293
75224,335,299
77345,332,296
76106,332,282
75094,332,296
75247,332,285
77020,332,280
76708,331,282
75209,331,279
77503,331,296
78645,329,295
75116,329,278
78332,328,288
77032,328,276
78222,325,275
77550,325,281
76031,324,290
78224,324,280
76504,324,277
76209,321,284
77474,320,289
77707,319,277
77437,319,286
76118,317,279
78752,317,267
76120,316,261
77328,312,281
77068,312,269
76450,310,279
78237,308,257
77039,308,267
79413,308,263
75054,307,270
79764,306,270
77029,304,255
77808,303,266
76067,302,265
79360,302,272
75251,301,263
76088,300,274
75495,300,265
77033,298,245
77336,297,269
77445,296,270
77094,295,243
78248,295,258
75633,294,254
77656,294,260
75143,293,255
75801,292,260
76103,291,244
76528,291,247
77488,289,248
77640,289,249
78724,289,248
76207,287,254
75951,287,254
78380,287,251
77510,286,240
79935,286,254
77026,285,247
77651,285,250
75401,285,255
75156,285,251
79714,284,248
77028,284,250
78570,282,254
75114,281,247
79072,280,247
78503,279,238
75791,278,242
76550,277,247
79934,277,230
75762,276,227
77551,276,236
75474,274,250
75249,273,227
76501,272,236
75672,272,251
75135,272,250
76084,271,233
79065,271,235
77046,270,241
75442,270,231
75065,269,231
75757,269,236
78945,267,234
78064,266,229
79904,265,233
78676,263,214
75961,262,228
78705,262,225
77051,262,215
76085,261,225
77372,261,230
75964,260,228
77061,257,220
78257,257,217
78211,257,226
76022,256,213
78102,255,214
79603,255,213
79110,253,222
77619,252,216
79905,252,218
77085,252,215
77868,252,232
77011,252,217
78204,252,217
77418,251,224
76643,250,215
76310,250,219
79029,250,227
75965,250,217
75935,249,225
78255,248,228
77836,246,209
77306,245,214
78566,245,205
75670,245,213
77461,244,216
75644,243,211
77003,243,198
75236,243,205
78669,243,207
75237,242,216
77713,240,215
78214,240,205
79772,239,203
76115,238,211
78861,236,213
75652,236,214
76196,236,212
75203,235,217
77037,234,208
75253,234,194
79045,234,200
75686,234,205
78220,233,204
77010,233,203
75707,232,201
77979,231,205
77531,229,206
77059,229,208
79336,228,190
77905,228,197
76302,228,199
78003,226,194
76426,226,200
78751,226,197
78219,225,204
75602,224,197
78242,224,189
76249,222,200
76541,222,185
78215,220,202
75773,220,198
76571,218,199
76044,218,200
78231,217,192
76645,216,191
78629,216,190
75418,216,187
78009,216,184
78730,216,190
75166,215,191
76060,214,189
75182,214,185
78612,213,176
76273,213,189
78942,213,184
79756,212,179
75147,211,181
77541,211,177
77587,209,190
79735,209,188
79331,207,189
79414,207,176
76105,206,178
77807,205,181
77031,205,168
79124,204,187
79930,203,171
76655,203,174
78726,202,178
79549,201,177
76164,201,180
76078,200,178
77611,199,180
75233,199,162
75785,196,173
76230,195,174
75647,195,167
75173,193,170
75835,193,161
78739,192,169
78264,191,166
75185,191,163
79556,190,169
78387,189,175
77013,188,161
78404,187,161
75783,187,161
77954,186,166
79403,185,165
78756,184,160
75803,183,172
76384,181,156
76354,181,148
77565,180,157
77964,179,159
75979,179,151
78957,177,155
77708,177,153
77514,176,149
75654,175,161
79382,174,157
78732,173,152
79022,172,151
77625,172,160
77078,172,138
76155,172,146
75494,172,148
76258,172,158
77554,171,142
75758,171,154
77362,170,145
77563,170,150
75650,170,150
78934,169,157
77486,169,150
76657,169,147
75462,168,147
76073,168,152
76023,168,145
78256,167,140
76567,167,149
75125,166,154
78362,166,141
77331,165,145
77562,165,137
79108,164,146
77864,164,147
78639,164,150
76667,164,148
79922,164,136
79007,163,146
78016,163,141
78336,163,140
75840,162,143
78643,162,141
75076,162,133
78065,161,145
75645,161,148
76520,160,143
76367,159,136
78606,159,142
78124,159,133
75161,158,144
75158,158,129
76306,157,131
79070,157,143
78416,156,135
76442,156,133
77422,154,141
76448,153,138
78605,152,130
77012,152,133
79107,152,134
79510,151,133
76692,151,128
75226,151,132
77856,150,136
76043,150,139
78725,150,126
78026,150,131
79415,150,130
75704,149,124
78063,149,129
76259,149,131
78408,148,131
79316,148,125
78101,148,127
77612,148,132
77957,147,128
75789,147,130
78073,146,124
76905,145,129
79102,145,130
78721,145,124
75657,145,129
76050,143,128
78657,142,129
78266,142,120
75223,142,125
78557,142,126
76642,142,124
75551,141,122
78736,141,126
78559,141,126
75693,141,116
78052,141,120
75862,139,121
78405,138,116
79766,138,126
76458,138,118
78580,138,123
75570,136,121
75752,136,121
78112,135,121
76559,135,118
77995,135,122
77665,134,114
76424,134,118
76309,133,116
76634,132,115
75440,132,116
77371,132,114
75457,132,116
78584,131,115
78648,131,114
78061,131,115
75949,131,115
77480,130,110
76539,128,108
78152,127,116
78616,127,116
78652,126,113
79412,125,106
77547,125,101
75021,124,111
79830,124,110
76691,123,106
79404,122,102
75765,122,108
75956,122,105
78263,121,104
76707,121,100
76446,121,110
75140,120,102
76802,119,99
75763,118,106
76579,117,108
77703,116,105
75124,116,94
78636,116,106
77358,116,97
77659,115,99
79364,115,95
78711,113,94
79410,113,87
75941,112,97
75706,112,101
78368,112,100
77859,111,99
75459,110,93
78733,110,98
78225,110,93
76557,109,94
78538,109,103
76825,109,93
77517,109,92
78578,109,97
75640,109,97
77518,108,97
75452,108,90
75428,107,94
79121,107,95
76005,107,92
75491,107,98
77360,106,96
77702,106,87
79323,106,96
79702,106,86
79409,105,86
75152,105,93
75638,105,92
79363,105,93
75754,105,92
75833,105,97
76255,104,82
78373,104,88
75709,104,90
78576,103,90
76527,103,87
75109,101,94
76272,101,88
78377,101,80
79835,100,87
78025,100,90
77830,100,87
79536,100,89
79512,100,86
77435,99,91
76633,98,89
76856,97,90
78834,96,82
79339,96,87
75058,96,85
75790,95,82
75424,95,84
75172,95,82
76531,94,80
75141,94,83
78002,94,85
78076,94,82
78767,94,83
75603,94,81
79745,93,81
78059,93,73
77879,93,83
75684,93,86
78619,92,78
77592,92,79
76711,92,79
77984,92,78
79103,92,76
75860,92,80
75972,91,76
75948,91,80
78962,90,81
79347,90,82
77485,90,75
77801,90,79
76365,90,81
75756,89,72
77871,89,78
78202,89,76
75656,88,75
76834,88,75
76821,88,80
77861,88,76
77465,88,78
78575,87,74
79501,87,80
78502,87,79
76487,87,77
76849,87,77
77363,87,80
77963,87,76
75708,87,78
78022,87,79
79088,86,72
79014,86,80
76462,86,77
79521,86,77
76233,86,72
78947,85,76
78013,85,73
79782,85,73
76066,85,64
76943,84,77
79911,84,76
75831,83,73
78118,82,69
75210,82,74
79562,82,68
77001,81,69
78956,81,69
76071,81,74
75410,81,73
75117,81,71
77704,81,78
78708,80,70
79201,79,72
78119,79,68
79356,79,67
78160,79,67
76877,79,66
79068,79,70
75755,79,73
76437,78,69
76844,77,68
75563,77,69
79408,76,65
76661,76,69
75839,76,70
78722,75,62
75561,75,61
75148,75,65
79105,75,70
78390,74,66
75792,74,53
77050,74,62
79838,74,69
78014,74,65
79821,73,66
79504,73,65
78656,73,64
76544,72,58
78069,72,63
76476,72,64
79836,72,65
78543,71,65
78417,71,58
75845,71,60
79758,71,59
78355,70,63
76689,70,60
78372,70,62
75091,70,64
75691,70,64
78659,70,60
75490,70,63
75497,70,59
76431,70,64
76093,70,66
78597,69,55
78839,69,57
75496,69,55
75390,69,61
79849,68,61
76651,68,60
79027,68,57
75261,68,57
76225,68,60
79731,68,60
75246,68,61
77434,67,57
78832,67,60
75966,67,58
78627,67,55
79373,67,62
79329,66,61
76374,66,55
79553,66,58
78370,66,59
75692,66,59
78583,66,57
75969,65,59
76380,65,59
79081,65,60
75844,65,55
76577,65,60
78714,65,60
78343,65,58
76704,64,52
75939,64,56
76665,64,56
77534,63,59
76703,62,54
78226,62,51
75750,62,49
76430,62,58
75453,62,55
79760,62,55
75606,62,56
75559,61,53
75426,61,55
75144,60,54
78384,59,51
76444,59,56
75472,59,53
77417,59,51
77831,59,51
77843,59,55
76682,59,54
75433,58,53
76305,58,51
76059,58,53
75778,57,50
77805,57,50
75423,57,53
75432,57,49
79311,57,54
77650,57,48
79235,57,50
78540,57,52
75416,57,54
79226,57,50
79525,57,50
79035,56,50
78631,56,51
76457,56,55
76055,56,49
78560,56,47
75851,55,50
76524,55,48
76351,55,49
79567,55,47
75770,55,47
79036,55,48
77962,55,46
78941,55,50
76252,55,52
75653,54,41
75414,54,48
79710,54,46
78208,54,42
75568,54,49
76950,54,48
76932,54,49
75403,53,45
76902,53,46
78071,53,48
75106,53,38
78164,53,49
79252,53,46
78409,53,46
75711,53,46
75569,52,46
78203,52,49
75859,52,46
79708,52,46
75975,52,47
77426,52,45
77364,51,43
76624,51,47
78873,51,51
77968,51,48
79095,51,42
78113,50,45
75083,50,43
75651,50,46
78333,50,44
77580,50,46
77664,50,43
76449,50,47
75683,49,45
77305,49,42
75925,49,43
75572,49,42
79411,49,43
76271,49,41
78383,49,45
79845,49,43
78361,48,38
79359,48,43
75931,48,46
75473,48,42
75571,48,40
77834,47,37
77522,47,42
77269,47,41
76503,47,38
79843,47,40
75671,47,43
76656,47,41
76470,46,40
77420,46,44
79096,46,42
77507,46,42
76569,46,39
76640,46,42
76702,46,38
77347,46,35
76097,46,41
78662,45,42
79084,45,42
73301,45,36
79604,45,41
78595,45,41
75446,45,40
75567,45,41
76360,44,41
77622,44,40
78393,44,35
78638,44,39
78593,44,38
77383,44,37
76638,44,33
78375,44,39
76035,44,39
78234,44,38
76366,44,40
77902,44,38
75422,44,40
79734,43,37
78017,43,36
79104,43,40
76064,43,36
76534,43,39
75029,43,39
79325,43,43
75011,43,38
76648,43,34
77842,42,38
79079,42,39
76936,42,41
77446,42,42
76530,42,38
75630,42,36
77410,42,39
75608,41,37
78279,41,38
75946,41,34
78569,41,36
75631,41,32
77872,41,39
76433,41,35
75954,41,29
76664,41,38
76511,41,33
78950,41,38
75980,40,37
79752,40,37
77430,40,36
78056,40,32
75123,39,34
78623,39,35
77387,39,37
77564,39,37
75963,39,37
75681,39,27
76101,38,30
76554,38,31
79355,38,32
77219,38,32
77512,38,35
78655,38,35
78609,38,32
77835,38,35
77487,37,25
75974,37,32
78265,37,29
75938,37,32
76508,37,31
76270,37,34
76629,37,37
79520,37,34
75168,37,33
78140,37,31
78381,37,27
75155,37,29
79083,37,31
78940,36,30
77335,36,27
75163,36,34
78712,36,33
79855,35,30
77873,35,31
77865,35,28
76443,35,31
75902,35,29
76098,35,32
75705,35,29
76687,35,29
76636,35,32
75417,35,32
77492,34,27
76484,34,30
78123,34,34
79241,34,31
76241,34,28
75479,34,28
79543,34,31
78029,34,25
77342,34,25
76859,34,27
77720,34,29
75222,34,26
76641,33,31
76472,33,31
75855,33,28
77204,33,27
76671,33,29
76099,33,29
76096,33,26
79005,33,33
77399,33,27
78359,33,28
79092,33,30
79831,33,30
79322,33,30
76861,33,24
75973,33,27
78880,33,28
78719,32,29
78010,32,29
77227,32,29
75120,32,28
76264,32,26
75151,32,27
77284,32,25
78562,32,29
79464,32,28
76627,32,29
76245,32,25
75760,32,27
76307,32,27
78720,31,27
77496,31,25
76823,31,30
78131,31,26
75138,31,22
77631,31,26
78646,31,25
76265,31,30
75431,31,28
78802,31,26
79041,31,27
79357,31,27
77482,31,29
79040,30,25
79245,30,28
76147,30,26
78039,30,27
79019,30,28
76570,30,26
78403,30,24
75086,30,21
76453,30,26
79608,30,25
75639,30,24
78853,30,29
79768,30,28
79064,30,29
77491,30,23
78760,29,24
78357,29,26
75861,29,28
78716,29,25
75102,29,29
76540,29,24
79789,29,26
79370,29,28
78959,29,25
75915,29,24
78269,29,27
76945,29,21
76161,29,24
75380,29,24
77806,29,19
75852,28,23
79346,28,25
78667,28,23
77242,28,24
78364,28,20
77880,28,21
76251,28,26
79358,28,26
75053,28,25
78933,28,23
79704,28,22
77975,28,28
79372,27,24
76951,27,24
75376,27,22
75456,27,24
76483,27,22
76622,27,25
76941,27,27
76124,27,25
75968,27,22
75847,27,26
77577,27,23
77663,27,25
79851,27,26
76630,27,23
77555,27,20
75661,27,26
78278,26,20
79545,26,22
76556,26,26
77516,26,23
77549,26,21
79430,26,23
79086,26,23
78615,26,21
75643,26,23
75471,26,19
76578,26,24
76878,26,25
77726,26,22
78389,26,21
79721,26,24
77266,26,19
75483,26,24
75607,26,20
77588,26,23
76693,25,22
77561,25,21
76857,25,20
76068,25,23
76432,25,24
77983,25,19
75270,25,21
78104,25,19
75710,25,18
79381,25,20
77353,25,22
78156,25,19
76935,25,22
77393,25,18
78630,25,22
77455,25,22
77240,25,20
76202,25,21
79778,25,23
78407,25,25
78283,25,24
79508,25,20
75554,25,23
79343,24,21
77205,24,20
75438,24,22
75436,24,22
76486,24,21
75480,24,24
76371,24,22
76714,24,23
76837,24,23
75926,24,21
77245,24,17
77413,24,22
75486,24,22
78709,24,21
79227,24,24
78680,24,23
78055,24,21
78147,24,21
75046,23,20
79502,23,22
76933,23,20
75026,23,19
79114,23,19
78935,23,22
78379,23,19
78766,23,21
78358,23,22
79111,23,19
75846,23,20
76095,23,20
78953,23,18
75667,23,18
79120,22,21
79097,22,15
75556,22,19
75437,22,21
79248,22,18
76673,22,20
79546,22,19
77402,22,20
75943,22,21
77391,22,20
75379,22,18
78057,22,19
78946,22,20
79739,22,21
75049,22,17
77613,22,21
76690,22,17
75030,22,21
76804,22,20
75016,22,17
78761,22,18
75487,22,16
78632,22,21
76454,22,19
75929,22,19
77508,22,19
76639,22,19
79853,22,19
78672,22,18
78954,21,19
75713,21,17
79008,21,20
78881,21,15
79529,21,20
75468,21,21
78058,21,21
75663,21,20
76389,21,18
77837,21,16
77419,21,18
78755,21,15
79371,21,19
77268,21,20
75127,21,20
77475,21,21
78523,21,20
75461,20,18
76561,20,20
76670,20,18
78406,20,17
78024,20,19
75451,20,17
75574,20,15
76632,20,19
75802,20,15
76626,20,16
75668,20,17
77533,20,17
77341,20,18
76525,20,18
77560,20,19
77249,20,17
78469,20,16
76621,20,18
78341,20,15
76679,20,18
78841,20,14
79042,20,16
76475,20,18
78948,20,16
77277,20,18
78246,20,18
78235,20,17
78683,20,17
76906,20,18
75370,20,18
78650,20,18
77857,19,18
79837,19,14
79906,19,17
77325,19,17
75489,19,15
79313,19,17
77251,19,15
77903,19,17
75930,19,17
75014,19,17
76853,19,17
77230,19,14
79511,19,18
76798,19,17
77270,19,18
78944,19,18
78072,19,17
75478,19,18
77292,19,14
78768,19,14
77951,19,15
77553,19,15
77641,19,19
77574,18,15
77238,18,16
78932,18,17
76518,18,16
75933,18,16
77411,18,16
75558,18,17
78011,18,15
75712,18,15
79493,18,14
78691,18,14
78117,18,15
79059,18,16
75085,18,18
79225,18,16
75132,18,17
79563,18,16
77267,18,18
79159,18,16
75962,18,18
77236,18,18
75360,18,13
77293,18,17
77207,18,16
75439,18,17
77466,18,16
78877,18,17
78551,18,17
76003,18,14
76019,18,17
75354,18,14
76385,17,16
77853,17,16
78553,17,15
75944,17,17
79066,17,14
79057,17,14
79039,17,15
77359,17,13
79351,17,16
78547,17,17
76875,17,15
75404,17,15
78044,17,16
79457,17,14
79452,17,16
76206,17,16
75374,17,14
79031,17,15
79257,17,17
75429,17,17
77464,17,16
78884,17,14
77982,17,13
78159,16,13
79044,16,14
78608,16,15
79711,16,16
77497,16,11
79839,16,14
76491,16,14
76538,16,16
75420,16,15
76653,16,16
77878,16,12
78763,16,13
76471,16,14
76372,16,13
77670,16,14
75315,16,13
77538,16,15
75447,16,14
78402,16,15
77254,16,12
78715,16,13
75928,16,14
77404,16,15
78019,16,14
78236,16,14
77225,15,13
79009,15,13
78427,15,12
76228,15,15
78460,15,13
77288,15,12
79530,15,12
77231,15,12
77660,15,14
77255,15,13
75027,15,11
79244,15,13
78663,15,15
78963,15,15
76649,15,13
76004,15,14
76070,15,12
77552,15,14
79744,15,14
79229,15,15
76866,15,14
77519,15,12
75047,15,12
78671,15,14
75936,15,13
75555,15,13
78161,15,12
76635,15,14
76652,15,12
75382,15,13
77272,15,11
76121,15,14
79852,15,14
78579,14,12
76715,14,11
77275,14,14
76547,14,11
75476,14,13
75505,14,9
75932,14,14
76832,14,11
75448,14,13
79541,14,11
77585,14,12
77221,14,10
76077,14,14
78842,14,12
75566,14,12
76203,14,8
75421,14,13
77241,14,13
75313,14,13
79528,14,12
76803,14,12
78466,14,12
79073,14,12
78151,14,14
75937,14,12
76185,14,13
77626,14,13
77501,14,12
77597,13,9
78833,13,10
77444,13,11
79769,13,11
79250,13,13
77624,13,11
76250,13,12
79712,13,10
78385,13,12
76890,13,11
77257,13,9
77442,13,8
79607,13,10
76239,13,12
79526,13,13
76631,13,11
78505,13,10
76871,13,11
75336,13,12
78548,13,13
77476,13,10
79034,13,11
77271,13,11
79550,13,12
77224,13,11
75367,13,12
77582,13,12
79052,13,12
75960,13,13
78339,13,10
75381,12,11
76519,12,12
77213,12,9
75015,12,11
75411,12,10
77629,12,11
77470,12,11
78146,12,11
77572,12,10
79505,12,8
79490,12,11
78330,12,12
75976,12,9
76163,12,12
76061,12,11
76311,12,11
77971,12,12
75356,12,12
79063,12,11
79908,12,6
76464,12,10
76427,12,12
76129,12,12
75660,12,12
77220,12,8
77279,12,11
79345,12,10
77222,12,12
78943,12,10
77615,12,12
75355,11,10
76238,11,11
76435,11,9
78141,11,8
76136,11,11
79054,11,9
75435,11,10
78870,11,11
76041,11,9
79350,11,10
78270,11,11
77978,11,10
75853,11,8
75977,11,10
78004,11,11
76909,11,9
78468,11,11
75560,11,11
79848,11,8
78050,11,10
78872,11,7
77263,11,7
75187,11,9
79379,11,10
75838,11,9
78268,10,9
77206,10,9
77863,10,8
77252,10,8
79013,10,9
78150,10,7
77457,10,9
77443,10,8
78850,10,9
79561,10,7
77229,10,6
75101,10,8
77456,10,8
78567,10,10
78005,10,9
79366,10,10
79713,10,10
79913,10,7
78742,10,7
76676,10,8
79997,10,9
79923,10,9
78288,10,9
78027,10,10
75682,10,9
79453,10,10
76934,10,9
77052,10,9
77334,9,9
77483,9,8
78773,9,6
75492,9,7
75045,9,9
78066,9,9
75488,9,9
79506,9,9
77451,9,8
76204,9,8
76872,9,9
78618,9,9
79738,9,8
76637,9,6
78614,9,7
77234,9,8
75504,9,6
77259,9,7
75458,9,6
78549,9,9
78558,9,8
77244,9,8
75357,9,9
77376,9,7
79018,9,7
79754,9,8
75449,9,8
77468,9,7
75780,9,9
75017,9,7
75799,9,8
76162,9,9
77233,9,8
77265,9,7
76377,9,8
78012,9,7
78765,9,9
77990,8,8
76267,8,6
77639,8,5
76455,8,7
79547,8,7
75669,8,8
76957,8,6
78122,8,7
78162,8,7
77881,8,6
76402,8,6
79998,8,8
78838,8,7
77448,8,6
79012,8,8
75105,8,8
78426,8,6
77228,8,7
78335,8,6
79699,8,7
77374,8,7
78594,8,6
76864,8,8
77655,8,5
75477,8,6
78042,8,7
76660,8,6
79565,8,8
79996,8,8
79499,8,8
77367,8,7
75164,8,7
77977,8,8
79917,8,5
77290,8,5
78200,8,7
78535,8,8
77258,8,4
79718,8,6
78674,8,7
77614,8,7
78949,8,8
76007,8,7
77368,8,5
79777,8,7
78837,7,5
75275,7,5
77481,7,6
75959,7,7
75573,7,5
79968,7,5
77273,7,5
77223,7,6
75157,7,5
79043,7,6
78661,7,5
79024,7,7
75242,7,5
77542,7,6
77218,7,6
79367,7,6
79261,7,6
77616,7,6
77974,7,5
77210,7,6
77280,7,5
79743,7,6
79916,7,4
76463,7,6
76357,7,6
78931,7,6
79566,7,7
75470,7,6
77988,7,5
79544,7,6
76481,7,7
76113,7,7
78622,7,5
75565,7,6
78351,7,7
75372,7,5
76370,7,7
75153,7,6
78827,7,6
77661,7,7
79926,7,7
79533,7,7
79010,7,6
77291,7,7
75444,7,7
79949,7,6
76852,7,7
77274,7,7
79080,7,7
77253,7,7
76460,7,6
78762,7,7
76445,7,4
77976,6,5
75450,6,6
77282,6,4
79098,6,6
77248,6,5
75550,6,5
78885,6,3
77369,6,6
79527,6,6
77458,6,5
78713,6,4
77623,6,4
75412,6,4
79342,6,6
75784,6,5
79256,6,6
79742,6,5
78125,6,5
75642,6,6
79016,6,6
76958,6,5
77617,6,5
77436,6,6
78074,6,5
79842,6,5
78883,5,5
79781,5,5
79062,5,5
79749,5,4
77950,5,5
78565,5,5
78116,5,5
78828,5,3
78145,5,4
76623,5,4
78142,5,4
79236,5,5
79178,5,5
76459,5,4
77287,5,4
75339,5,3
79087,5,3
77882,5,5
78635,5,4
79312,5,5
79255,5,5
79854,5,4
79783,5,5
78563,5,5
79532,5,2
75856,5,5
77215,5,4
75469,5,4
76937,5,3
79918,5,5
78829,5,4
77350,5,3
76439,5,3
78340,5,5
77876,5,5
76681,5,5
78463,5,3
79378,5,5
78480,5,3
78886,5,5
76127,5,3
75097,5,5
77289,5,5
77454,5,5
77852,5,5
